<?xml version="1.0" encoding="UTF-8" ?>
<XMLDB PATH="blocks/educationpgrs/db" VERSION="20200525" COMMENT="XMLDB file for Moodle blocks/educationpgrs"
    xmlns:xsi="http://www.w3.org/2001/XMLSchema-instance"
    xsi:noNamespaceSchemaLocation="../../../lib/xmldb/xmldb.xsd"
>
  <TABLES>
    <TABLE NAME="block_edu_bacdt" COMMENT="block_edu_bacdt table retrofitted from MySQL">
      <FIELDS>
        <FIELD NAME="id" TYPE="int" LENGTH="10" NOTNULL="true" SEQUENCE="true"/>
        <FIELD NAME="ma_bac" TYPE="char" LENGTH="128" NOTNULL="true" SEQUENCE="false"/>
        <FIELD NAME="ten" TYPE="text" NOTNULL="true" SEQUENCE="false"/>
        <FIELD NAME="mota" TYPE="text" NOTNULL="false" SEQUENCE="false"/>
      </FIELDS>
      <KEYS>
        <KEY NAME="primary" TYPE="primary" FIELDS="id"/>
      </KEYS>
    </TABLE>
    <TABLE NAME="block_edu_hedt" COMMENT="block_edu_hedt table retrofitted from MySQL">
      <FIELDS>
        <FIELD NAME="id" TYPE="int" LENGTH="10" NOTNULL="true" SEQUENCE="true"/>
        <FIELD NAME="ma_bac" TYPE="char" LENGTH="128" NOTNULL="true" SEQUENCE="false"/>
        <FIELD NAME="ma_he" TYPE="char" LENGTH="128" NOTNULL="true" SEQUENCE="false"/>
        <FIELD NAME="ten" TYPE="text" NOTNULL="true" SEQUENCE="false"/>
        <FIELD NAME="mota" TYPE="text" NOTNULL="false" SEQUENCE="false"/>
      </FIELDS>
      <KEYS>
        <KEY NAME="primary" TYPE="primary" FIELDS="id"/>
      </KEYS>
    </TABLE>
    <TABLE NAME="block_edu_nienkhoa" COMMENT="block_edu_nienkhoa table retrofitted from MySQL">
      <FIELDS>
        <FIELD NAME="id" TYPE="int" LENGTH="10" NOTNULL="true" SEQUENCE="true"/>
        <FIELD NAME="ma_he" TYPE="char" LENGTH="128" NOTNULL="true" SEQUENCE="false"/>
        <FIELD NAME="ma_bac" TYPE="char" LENGTH="128" NOTNULL="true" SEQUENCE="false"/>
        <FIELD NAME="ma_nienkhoa" TYPE="char" LENGTH="128" NOTNULL="true" SEQUENCE="false"/>
        <FIELD NAME="ten_nienkhoa" TYPE="text" NOTNULL="true" SEQUENCE="false"/>
        <FIELD NAME="mota" TYPE="text" NOTNULL="false" SEQUENCE="false"/>
      </FIELDS>
      <KEYS>
        <KEY NAME="primary" TYPE="primary" FIELDS="id"/>
      </KEYS>
    </TABLE>
    <TABLE NAME="block_edu_nganhdt" COMMENT="block_edu_nganh_daotao table retrofitted from MySQL">
      <FIELDS>
        <FIELD NAME="id" TYPE="int" LENGTH="10" NOTNULL="true" SEQUENCE="true"/>
        <FIELD NAME="ma_nienkhoa" TYPE="char" LENGTH="128" NOTNULL="true" SEQUENCE="false"/>
        <FIELD NAME="ma_he" TYPE="char" LENGTH="128" NOTNULL="true" SEQUENCE="false"/>
        <FIELD NAME="ma_bac" TYPE="char" LENGTH="128" NOTNULL="true" SEQUENCE="false"/>
        <FIELD NAME="ma_nganh" TYPE="char" LENGTH="128" NOTNULL="true" SEQUENCE="false"/>
        <FIELD NAME="ten" TYPE="text" NOTNULL="true" SEQUENCE="false"/>
        <FIELD NAME="mota" TYPE="text" NOTNULL="false" SEQUENCE="false"/>
      </FIELDS>
      <KEYS>
        <KEY NAME="primary" TYPE="primary" FIELDS="id"/>
      </KEYS>
    </TABLE>
    <TABLE NAME="block_edu_chuyennganhdt" COMMENT="block_edu_chuyennganh_daotao table retrofitted from MySQL">
      <FIELDS>
        <FIELD NAME="id" TYPE="int" LENGTH="10" NOTNULL="true" SEQUENCE="true"/>
        <FIELD NAME="ma_nienkhoa" TYPE="char" LENGTH="128" NOTNULL="true" SEQUENCE="false"/>
        <FIELD NAME="ma_he" TYPE="char" LENGTH="128" NOTNULL="true" SEQUENCE="false"/>
        <FIELD NAME="ma_bac" TYPE="char" LENGTH="128" NOTNULL="true" SEQUENCE="false"/>
        <FIELD NAME="ma_nganh" TYPE="char" LENGTH="128" NOTNULL="true" SEQUENCE="false"/>
        <FIELD NAME="ma_chuyennganh" TYPE="char" LENGTH="128" NOTNULL="true" SEQUENCE="false"/>
        <FIELD NAME="ten" TYPE="text" NOTNULL="true" SEQUENCE="false"/>
        <FIELD NAME="mota" TYPE="text" NOTNULL="false" SEQUENCE="false"/>
      </FIELDS>
      <KEYS>
        <KEY NAME="primary" TYPE="primary" FIELDS="id"/>
      </KEYS>
    </TABLE>
    <TABLE NAME="block_edu_loaidieukien_ktt" COMMENT="block_edu_loaidieukien_khoikienthuc table retrofitted from MySQL">
      <FIELDS>
        <FIELD NAME="id" TYPE="int" LENGTH="10" NOTNULL="true" SEQUENCE="true"/>
        <FIELD NAME="ma_loaidieukien" TYPE="int" LENGTH="10" NOTNULL="false" SEQUENCE="false"/>
        <FIELD NAME="mota" TYPE="text" NOTNULL="false" SEQUENCE="false"/>
      </FIELDS>
      <KEYS>
        <KEY NAME="primary" TYPE="primary" FIELDS="id"/>
      </KEYS>
    </TABLE>
    <TABLE NAME="block_edu_dieukien_ktt" COMMENT="block_edu_dieukien_khoikienthuc table retrofitted from MySQL">
      <FIELDS>
        <FIELD NAME="id" TYPE="int" LENGTH="10" NOTNULL="true" SEQUENCE="true"/>
        <FIELD NAME="ma_dieukien" TYPE="char" LENGTH="128" NOTNULL="true" SEQUENCE="false"/>
        <FIELD NAME="ma_loaidieukien" TYPE="char" LENGTH="128" NOTNULL="true" SEQUENCE="false"/>
        <FIELD NAME="xet_tren" TYPE="char" LENGTH="128" NOTNULL="true" SEQUENCE="false"/>
        <FIELD NAME="giatri_dieukien" TYPE="int" LENGTH="10" NOTNULL="true" SEQUENCE="false"/>
        <FIELD NAME="ten_dieukien" TYPE="char" LENGTH="128" NOTNULL="false" SEQUENCE="false"/>
        <FIELD NAME="mota" TYPE="text" NOTNULL="false" SEQUENCE="false"/>
      </FIELDS>
      <KEYS>
        <KEY NAME="primary" TYPE="primary" FIELDS="id"/>
      </KEYS>
    </TABLE>
    <TABLE NAME="block_edu_loai_ktt" COMMENT="block_edu_khoikienthuc table retrofitted from MySQL">
      <FIELDS>
        <FIELD NAME="id" TYPE="int" LENGTH="10" NOTNULL="true" SEQUENCE="true"/>
        <FIELD NAME="ma_loai" TYPE="char" LENGTH="128" NOTNULL="true" SEQUENCE="false"/>
        <FIELD NAME="ten_loai" TYPE="text" NOTNULL="true" SEQUENCE="false"/>
        <FIELD NAME="mota" TYPE="text" NOTNULL="false" SEQUENCE="false"/>
      </FIELDS>
      <KEYS>
        <KEY NAME="primary" TYPE="primary" FIELDS="id"/>
      </KEYS>
    </TABLE>
    <TABLE NAME="block_edu_khoikienthuc" COMMENT="block_edu_khoikienthuc table retrofitted from MySQL">
      <FIELDS>
        <FIELD NAME="id" TYPE="int" LENGTH="10" NOTNULL="true" SEQUENCE="true"/>
        <FIELD NAME="ma_khoi" TYPE="char" LENGTH="128" NOTNULL="true" SEQUENCE="false"/>
        <FIELD NAME="id_loai_ktt" TYPE="int" LENGTH="10" NOTNULL="true" SEQUENCE="false"/>
        <FIELD NAME="co_dieukien" TYPE="int" LENGTH="1" NOTNULL="true" SEQUENCE="false"/>
        <FIELD NAME="ma_dieukien" TYPE="char" LENGTH="128" NOTNULL="false" SEQUENCE="false"/>
        <FIELD NAME="ten_khoi" TYPE="text" NOTNULL="true" SEQUENCE="false"/>
        <FIELD NAME="mota" TYPE="text" NOTNULL="false" SEQUENCE="false"/>
      </FIELDS>
      <KEYS>
        <KEY NAME="primary" TYPE="primary" FIELDS="id"/>
      </KEYS>
    </TABLE>

    <TABLE NAME="block_edu_monhoc" COMMENT="block_edu_monhoc table retrofitted from MySQL">
      <FIELDS>
        <FIELD NAME="id" TYPE="int" LENGTH="10" NOTNULL="true" SEQUENCE="true"/>
        <FIELD NAME="ma_monhoc" TYPE="char" LENGTH="128" NOTNULL="true" SEQUENCE="false"/>
        <FIELD NAME="ten_monhoc_vi" TYPE="text" NOTNULL="true" SEQUENCE="false"/>
        <FIELD NAME="ten_monhoc_en" TYPE="text" NOTNULL="true" SEQUENCE="false"/>
        <FIELD NAME="loai_hocphan" TYPE="text" NOTNULL="true" SEQUENCE="false"/>
        
        <FIELD NAME="so_tinchi" TYPE="int" LENGTH="10" NOTNULL="true" SEQUENCE="false"/>
        <FIELD NAME="sotiet_lythuyet" TYPE="int" LENGTH="10" NOTNULL="true" SEQUENCE="false"/>
        <FIELD NAME="sotiet_thuchanh" TYPE="int" LENGTH="10" NOTNULL="true" SEQUENCE="false"/>
        <FIELD NAME="sotiet_baitap" TYPE="int" LENGTH="10" NOTNULL="true" SEQUENCE="false"/>
        <FIELD NAME="ghichu" TYPE="text" NOTNULL="false" SEQUENCE="false"/>
      </FIELDS>
      <KEYS>
        <KEY NAME="primary" TYPE="primary" FIELDS="id"/>
      </KEYS>
    </TABLE>

    <TABLE NAME="block_edu_monthuockhoi" COMMENT="block_edu_monthuockhoi table retrofitted from MySQL">
      <FIELDS>
        <FIELD NAME="id" TYPE="int" LENGTH="10" NOTNULL="true" SEQUENCE="true"/>
        <FIELD NAME="ma_monhoc" TYPE="char" LENGTH="128" NOTNULL="true" SEQUENCE="false"/>
        <FIELD NAME="ma_khoi" TYPE="char" LENGTH="128" NOTNULL="true" SEQUENCE="false"/>
      </FIELDS>
      <KEYS>
        <KEY NAME="primary" TYPE="primary" FIELDS="id"/>
      </KEYS>
    </TABLE>
    <TABLE NAME="block_edu_muctieu_monhoc" COMMENT="block_edu_muctieu_monhoc table retrofitted from MySQL">
      <FIELDS>
        <FIELD NAME="id" TYPE="int" LENGTH="10" NOTNULL="true" SEQUENCE="true"/>
        <FIELD NAME="muctieu" TYPE="char" LENGTH="128" NOTNULL="true" SEQUENCE="false"/>
        <FIELD NAME="ma_monhoc" TYPE="char" LENGTH="128" NOTNULL="true" SEQUENCE="false"/>
        <FIELD NAME="mota" TYPE="text" NOTNULL="true" SEQUENCE="false"/>
        <FIELD NAME="danhsach_cdr" TYPE="text" NOTNULL="false" SEQUENCE="false"/>
      </FIELDS>
      <KEYS>
        <KEY NAME="primary" TYPE="primary" FIELDS="id"/>
        <KEY NAME="muctieu_monhoc" TYPE="foreign" FIELDS="ma_monhoc" REFTABLE="block_edu_monhoc" REFFIELDS="id_monhoc"/>
      </KEYS>
    </TABLE>
    <TABLE NAME="block_edu_chuandaura" COMMENT="block_edu_chuandaura table retrofitted from MySQL">
      <FIELDS>
        <FIELD NAME="id" TYPE="int" LENGTH="10" NOTNULL="true" SEQUENCE="true"/>
        <FIELD NAME="ma_cdr" TYPE="char" LENGTH="128" NOTNULL="true" SEQUENCE="false"/>
        <FIELD NAME="ma_monhoc" TYPE="char" LENGTH="128" NOTNULL="true" SEQUENCE="false"/>
        <FIELD NAME="mota" TYPE="text" NOTNULL="true" SEQUENCE="false"/>
        <FIELD NAME="mucdo_introduce" TYPE="int" LENGTH="10" NOTNULL="false" SEQUENCE="false"/>
        <FIELD NAME="mucdo_teach" TYPE="int" LENGTH="1" NOTNULL="false" SEQUENCE="false"/>
        <FIELD NAME="mucdo_utilize" TYPE="int" LENGTH="1" NOTNULL="false" SEQUENCE="false"/>
      </FIELDS>
      <KEYS>
        <KEY NAME="primary" TYPE="primary" FIELDS="id"/>
      </KEYS>
    </TABLE>
    <TABLE NAME="block_edu_loaigiangday" COMMENT="block_edu_chuandaura table retrofitted from MySQL">
      <FIELDS>
        <FIELD NAME="id" TYPE="int" LENGTH="10" NOTNULL="true" SEQUENCE="true"/>
        <FIELD NAME="ma_loaigiangday" TYPE="char" LENGTH="128" NOTNULL="true" SEQUENCE="false"/>
        <FIELD NAME="ten_loai" TYPE="text" NOTNULL="true" SEQUENCE="false"/>
        <FIELD NAME="mota" TYPE="text" NOTNULL="true" SEQUENCE="false"/>
      </FIELDS>
      <KEYS>
        <KEY NAME="primary" TYPE="primary" FIELDS="id"/>
      </KEYS>
    </TABLE>

    <TABLE NAME="block_edu_kehoach_giangday" COMMENT="block_edu_chuandaura table retrofitted from MySQL">
      <FIELDS>
        <FIELD NAME="id" TYPE="int" LENGTH="10" NOTNULL="true" SEQUENCE="true"/>
        <FIELD NAME="ma_khgd" TYPE="char" LENGTH="128" NOTNULL="true" SEQUENCE="false"/>
        <FIELD NAME="ma_loaigiangday" TYPE="char" LENGTH="128" NOTNULL="true" SEQUENCE="false"/>
        <FIELD NAME="ma_monhoc" TYPE="char" LENGTH="128" NOTNULL="true" SEQUENCE="false"/>
        <FIELD NAME="ten_chude" TYPE="text" NOTNULL="true" SEQUENCE="false"/>
        <FIELD NAME="danhsach_cdr" TYPE="text" NOTNULL="true" SEQUENCE="false"/>
        <FIELD NAME="hoatdong_gopy" TYPE="text" NOTNULL="false" SEQUENCE="false"/>
        <FIELD NAME="hoatdong_danhgia" TYPE="text" NOTNULL="false" SEQUENCE="false"/>
      </FIELDS>
      <KEYS>
        <KEY NAME="primary" TYPE="primary" FIELDS="id"/>
      </KEYS>
    </TABLE>

    <TABLE NAME="block_edu_kh_giangday_lt" COMMENT="block_edu_chuandaura table retrofitted from MySQL">
      <FIELDS>
        <FIELD NAME="id" TYPE="int" LENGTH="10" NOTNULL="true" SEQUENCE="true"/>
        <FIELD NAME="ma_khgd" TYPE="char" LENGTH="128" NOTNULL="true" SEQUENCE="false"/>
        <FIELD NAME="ma_loaigiangday" TYPE="char" LENGTH="128" NOTNULL="true" SEQUENCE="false"/>
        <FIELD NAME="ma_monhoc" TYPE="char" LENGTH="128" NOTNULL="true" SEQUENCE="false"/>
        <FIELD NAME="ten_chude" TYPE="text" NOTNULL="true" SEQUENCE="false"/>
        <FIELD NAME="danhsach_cdr" TYPE="text" NOTNULL="true" SEQUENCE="false"/>
        <FIELD NAME="hoatdong_gopy" TYPE="text" NOTNULL="false" SEQUENCE="false"/>
        <FIELD NAME="hoatdong_danhgia" TYPE="text" NOTNULL="false" SEQUENCE="false"/>
      </FIELDS>
      <KEYS>
        <KEY NAME="primary" TYPE="primary" FIELDS="id"/>
      </KEYS>
    </TABLE>

    <TABLE NAME="block_edu_kh_giangday_th" COMMENT="block_edu_chuandaura table retrofitted from MySQL">
      <FIELDS>
        <FIELD NAME="id" TYPE="int" LENGTH="10" NOTNULL="true" SEQUENCE="true"/>
        <FIELD NAME="tuan" TYPE="int" LENGTH="10" NOTNULL="true" SEQUENCE="false"/>
        <FIELD NAME="ma_khgd" TYPE="char" LENGTH="128" NOTNULL="true" SEQUENCE="false"/>
        <FIELD NAME="ma_loaigiangday" TYPE="char" LENGTH="128" NOTNULL="true" SEQUENCE="false"/>
        <FIELD NAME="ma_monhoc" TYPE="char" LENGTH="128" NOTNULL="true" SEQUENCE="false"/>
        <FIELD NAME="ten_chude" TYPE="text" NOTNULL="true" SEQUENCE="false"/>
        <FIELD NAME="danhsach_cdr" TYPE="text" NOTNULL="true" SEQUENCE="false"/>
        <FIELD NAME="hoatdong_gopy" TYPE="text" NOTNULL="false" SEQUENCE="false"/>
        <FIELD NAME="hoatdong_danhgia" TYPE="text" NOTNULL="false" SEQUENCE="false"/>
      </FIELDS>
      <KEYS>
        <KEY NAME="primary" TYPE="primary" FIELDS="id"/>
      </KEYS>
    </TABLE>

    <TABLE NAME="block_edu_danhgia_monhoc" COMMENT="block_edu_chuandaura table retrofitted from MySQL">
      <FIELDS>
        <FIELD NAME="id" TYPE="int" LENGTH="10" NOTNULL="true" SEQUENCE="true"/>
        <FIELD NAME="ma_danhgia" TYPE="char" LENGTH="128" NOTNULL="true" SEQUENCE="false"/>
        <FIELD NAME="ma_monhoc" TYPE="char" LENGTH="128" NOTNULL="true" SEQUENCE="false"/>
        <FIELD NAME="ten_danhgia" TYPE="char" LENGTH="128" NOTNULL="true" SEQUENCE="false"/>
        <FIELD NAME="chuan_daura_danhgia" TYPE="char" LENGTH="128" NOTNULL="true" SEQUENCE="false"/>
        <FIELD NAME="mota_danhgia" TYPE="text" NOTNULL="true" SEQUENCE="false"/>
        <FIELD NAME="tile_danhgia" TYPE="text" NOTNULL="true" SEQUENCE="false"/>
      </FIELDS>
      <KEYS>
        <KEY NAME="primary" TYPE="primary" FIELDS="id"/>
      </KEYS>
    </TABLE>
    
    <TABLE NAME="block_edu_tainguyen_monhoc" COMMENT="block_edu_chuandaura table retrofitted from MySQL">
      <FIELDS>
        <FIELD NAME="id" TYPE="int" LENGTH="10" NOTNULL="true" SEQUENCE="true"/>
        <FIELD NAME="ma_tainguyen" TYPE="char" LENGTH="128" NOTNULL="true" SEQUENCE="false"/>
        <FIELD NAME="ma_monhoc" TYPE="char" LENGTH="128" NOTNULL="true" SEQUENCE="false"/>
        <FIELD NAME="loai_tainguyen" TYPE="char" LENGTH="128" NOTNULL="true" SEQUENCE="false"/>
        <FIELD NAME="link_tainguyen" TYPE="char" LENGTH="128" NOTNULL="true" SEQUENCE="false"/>
        <FIELD NAME="mota_tainguyen" TYPE="text" NOTNULL="true" SEQUENCE="false"/>
      </FIELDS>
      <KEYS>
        <KEY NAME="primary" TYPE="primary" FIELDS="id"/>
      </KEYS>
    </TABLE>

    <TABLE NAME="block_edu_quydinh_chung" COMMENT="block_edu_chuandaura table retrofitted from MySQL">
      <FIELDS>
        <FIELD NAME="id" TYPE="int" LENGTH="10" NOTNULL="true" SEQUENCE="true"/>
        <FIELD NAME="ma_quydinh_chung" TYPE="char" LENGTH="128" NOTNULL="true" SEQUENCE="false"/>
        <FIELD NAME="ma_monhoc" TYPE="char" LENGTH="128" NOTNULL="true" SEQUENCE="false"/>
        <FIELD NAME="mota_quydinh_chung" TYPE="text" NOTNULL="true" SEQUENCE="false"/>
      </FIELDS>
      <KEYS>
        <KEY NAME="primary" TYPE="primary" FIELDS="id"/>
      </KEYS>
    </TABLE>

    <TABLE NAME="block_edu_cay_khoikienthuc" COMMENT="block_edu_cay_khoikienthuc table retrofitted from MySQL">
      <FIELDS>
        <FIELD NAME="id" TYPE="int" LENGTH="10" NOTNULL="true" SEQUENCE="true"/>
        <FIELD NAME="ma_cay_khoikienthuc" TYPE="char" LENGTH="128" NOTNULL="true" SEQUENCE="false"/>
        <FIELD NAME="ma_khoi" TYPE="char" LENGTH="128" NOTNULL="true" SEQUENCE="false"/>
        <FIELD NAME="ma_khoicha" TYPE="char" LENGTH="128" NOTNULL="false" SEQUENCE="false"/>
        <FIELD NAME="ten_cay" TYPE="text" NOTNULL="true" SEQUENCE="false"/>
        <FIELD NAME="mota" TYPE="text" NOTNULL="true" SEQUENCE="false"/>
      </FIELDS>
      <KEYS>
        <KEY NAME="primary" TYPE="primary" FIELDS="id"/>
      </KEYS>
    </TABLE>
    <TABLE NAME="block_edu_ctdt" COMMENT="block_edu_cay_khoikienthuc table retrofitted from MySQL">
      <FIELDS>
        <FIELD NAME="id" TYPE="int" LENGTH="10" NOTNULL="true" SEQUENCE="true"/>
        <FIELD NAME="ma_ctdt" TYPE="char" LENGTH="128" NOTNULL="true" SEQUENCE="false"/>
        <FIELD NAME="ma_chuyennganh" TYPE="char" LENGTH="128" NOTNULL="true" SEQUENCE="false"/>
        <FIELD NAME="ma_nganh" TYPE="char" LENGTH="128" NOTNULL="true" SEQUENCE="false"/>
        <FIELD NAME="ma_nienkhoa" TYPE="char" LENGTH="128" NOTNULL="true" SEQUENCE="false"/>
        <FIELD NAME="ma_he" TYPE="char" LENGTH="128" NOTNULL="true" SEQUENCE="false"/>
        <FIELD NAME="ma_bac" TYPE="char" LENGTH="128" NOTNULL="true" SEQUENCE="false"/>
        <FIELD NAME="muctieu_daotao" TYPE="text" NOTNULL="true" SEQUENCE="false"/>
        <FIELD NAME="thoigian_daotao" TYPE="text" NOTNULL="true" SEQUENCE="false"/>
        <FIELD NAME="khoiluong_kienthuc" TYPE="text" NOTNULL="true" SEQUENCE="false"/>
        <FIELD NAME="doituong_tuyensinh" TYPE="text" NOTNULL="true" SEQUENCE="false"/>
        <FIELD NAME="quytrinh_daotao" TYPE="text" NOTNULL="true" SEQUENCE="false"/>
        <FIELD NAME="dienkien_totnghiep" TYPE="text" NOTNULL="true" SEQUENCE="false"/>
        <FIELD NAME="ma_cay_khoikienthuc" TYPE="char" LENGTH="128" NOTNULL="true" SEQUENCE="false"/>
        <FIELD NAME="mota" TYPE="text" NOTNULL="true" SEQUENCE="false"/>
      </FIELDS>
      <KEYS>
        <KEY NAME="primary" TYPE="primary" FIELDS="id"/>
      </KEYS>
    </TABLE>
    <TABLE NAME="block_edu_quyen_decuong" COMMENT="block_edu_cay_khoikienthuc table retrofitted from MySQL">
      <FIELDS>
        <FIELD NAME="id" TYPE="int" LENGTH="10" NOTNULL="true" SEQUENCE="true"/>
        <FIELD NAME="ma_quyen" TYPE="char" LENGTH="128" NOTNULL="true" SEQUENCE="false"/>
        <FIELD NAME="mota" TYPE="text" NOTNULL="true" SEQUENCE="false"/>
      </FIELDS>
      <KEYS>
        <KEY NAME="primary" TYPE="primary" FIELDS="id"/>
      </KEYS>
    </TABLE>
    <TABLE NAME="block_edu_quyen_dc_user" COMMENT="block_edu_cay_khoikienthuc table retrofitted from MySQL">
      <FIELDS>
        <FIELD NAME="id" TYPE="int" LENGTH="10" NOTNULL="true" SEQUENCE="true"/>
        <FIELD NAME="id_user" TYPE="int" LENGTH="19" NOTNULL="true" SEQUENCE="false"/>
        <FIELD NAME="ma_quyen" TYPE="char" LENGTH="128" NOTNULL="true" SEQUENCE="false"/>
        <FIELD NAME="mota" TYPE="text" NOTNULL="true" SEQUENCE="false"/>
      </FIELDS>
      <KEYS>
        <KEY NAME="primary" TYPE="primary" FIELDS="id"/>
      </KEYS>
    </TABLE>
    <TABLE NAME="block_edu_quyen_dc_role" COMMENT="block_edu_cay_khoikienthuc table retrofitted from MySQL">
      <FIELDS>
        <FIELD NAME="id" TYPE="int" LENGTH="10" NOTNULL="true" SEQUENCE="true"/>
        <FIELD NAME="id_role" TYPE="char" LENGTH="128" NOTNULL="true" SEQUENCE="false"/>
        <FIELD NAME="ma_quyen" TYPE="char" LENGTH="128" NOTNULL="true" SEQUENCE="false"/>
        <FIELD NAME="mota" TYPE="text" NOTNULL="true" SEQUENCE="false"/>
      </FIELDS>
      <KEYS>
        <KEY NAME="primary" TYPE="primary" FIELDS="id"/>
      </KEYS>
    </TABLE>
    <TABLE NAME="block_edu_share_decuong" COMMENT="block_edu_cay_khoikienthuc table retrofitted from MySQL">
      <FIELDS>
        <FIELD NAME="id" TYPE="int" LENGTH="19" NOTNULL="true" SEQUENCE="true"/>
        <FIELD NAME="id_user_nguon" TYPE="int" LENGTH="19" NOTNULL="true" SEQUENCE="false"/>
        <FIELD NAME="id_user_duocshare" TYPE="int" LENGTH="19" NOTNULL="true" SEQUENCE="false"/>
        <FIELD NAME="id_decuong" TYPE="int" LENGTH="10" NOTNULL="true" SEQUENCE="false"/>
        <FIELD NAME="id_quyen_decuong" TYPE="int" LENGTH="10" NOTNULL="true" SEQUENCE="false"/>
      </FIELDS>
      <KEYS>
        <KEY NAME="primary" TYPE="primary" FIELDS="id"/>
      </KEYS>
    </TABLE>
    <TABLE NAME="block_edu_binhluan_dc" COMMENT="block_edu_cay_khoikienthuc table retrofitted from MySQL">
      <FIELDS>
        <FIELD NAME="id" TYPE="int" LENGTH="19" NOTNULL="true" SEQUENCE="true"/>
        <FIELD NAME="id_decuong" TYPE="int" LENGTH="10" NOTNULL="true" SEQUENCE="false"/>
        <FIELD NAME="id_user" TYPE="int" LENGTH="19" NOTNULL="true" SEQUENCE="false"/>
        <FIELD NAME="id_binhluan_cha" TYPE="int" LENGTH="19" NOTNULL="true" SEQUENCE="false"/>
        <FIELD NAME="ma_binhluan" TYPE="int" LENGTH="10" NOTNULL="true" SEQUENCE="false"/>
        <FIELD NAME="binhluan" TYPE="text" NOTNULL="true" SEQUENCE="false"/>
        <FIELD NAME="time" TYPE="int" LENGTH="19" NOTNULL="true" SEQUENCE="false"/>
        <FIELD NAME="is_visible" TYPE="int" LENGTH="1" NOTNULL="true" SEQUENCE="false"/>
      </FIELDS>
      <KEYS>
        <KEY NAME="primary" TYPE="primary" FIELDS="id"/>
      </KEYS>
    </TABLE>
    
    <TABLE NAME="block_edu_quytrinh_ctdt" COMMENT="block_edu_cay_khoikienthuc table retrofitted from MySQL">
      <FIELDS>
        <FIELD NAME="id" TYPE="int" LENGTH="19" NOTNULL="true" SEQUENCE="true"/>
        <FIELD NAME="id_ctdt" TYPE="int" LENGTH="10" NOTNULL="true" SEQUENCE="false"/>
        <FIELD NAME="id_quytrinh_cha" TYPE="int" LENGTH="19" NOTNULL="true" SEQUENCE="false"/>
        <FIELD NAME="noidung" TYPE="text" NOTNULL="true" SEQUENCE="false"/>
      </FIELDS>
      <KEYS>
        <KEY NAME="primary" TYPE="primary" FIELDS="id"/>
      </KEYS>
    </TABLE>
    <TABLE NAME="block_edu_global" COMMENT="block_edu_cay_khoikienthuc table retrofitted from MySQL">
      <FIELDS>
        <FIELD NAME="id" TYPE="int" LENGTH="19" NOTNULL="true" SEQUENCE="true"/>
        <FIELD NAME="id_user" TYPE="int" LENGTH="19" NOTNULL="true" SEQUENCE="false"/>
        <FIELD NAME="timestamp" TYPE="int" LENGTH="19" NOTNULL="true" SEQUENCE="false"/>
        <FIELD NAME="string" TYPE="text" NOTNULL="true" SEQUENCE="false"/>
      </FIELDS>
      <KEYS>
        <KEY NAME="primary" TYPE="primary" FIELDS="id"/>
      </KEYS>
    </TABLE>
    <TABLE NAME="block_edu_khoahoc" COMMENT="block_edu_khoahoc table retrofitted from MySQL">
      <FIELDS>
        <FIELD NAME="id" TYPE="int" LENGTH="19" NOTNULL="true" SEQUENCE="true"/>
        <FIELD NAME="id_monhoc" TYPE="int" LENGTH="10" NOTNULL="true" SEQUENCE="false"/>
        <FIELD NAME="ten_khoahoc" TYPE="text"  NOTNULL="true" SEQUENCE="false"/>
        <FIELD NAME="giaovien_phutrach" TYPE="text"  NOTNULL="true" SEQUENCE="false"/>
        <FIELD NAME="mota" TYPE="text" NOTNULL="true" SEQUENCE="false"/>
      </FIELDS>
      <KEYS>
        <KEY NAME="primary" TYPE="primary" FIELDS="id"/>
      </KEYS>
    </TABLE>
  </TABLES>
</XMLDB>