<?xml version="1.0" encoding="UTF-8" ?>
<XMLDB PATH="blocks/educationpgrs/db" VERSION="2020042300" COMMENT="XMLDB file for Moodle blocks/educationpgrs"
    xmlns:xsi="http://www.w3.org/2001/XMLSchema-instance"
    xsi:noNamespaceSchemaLocation="../../../lib/xmldb/xmldb.xsd"
>
  <TABLES>
    <TABLE NAME="block_educationpgrs" COMMENT="block_educationpgrs table retrofitted from MySQL">
      <FIELDS>
        <FIELD NAME="id" TYPE="int" LENGTH="10" NOTNULL="true" SEQUENCE="true"/>
        <FIELD NAME="mssv" TYPE="int" LENGTH="11" NOTNULL="true" SEQUENCE="false"/>
        <FIELD NAME="coursecode" TYPE="char" LENGTH="128" NOTNULL="true" SEQUENCE="false"/>
        <FIELD NAME="subject" TYPE="char" LENGTH="128" NOTNULL="true" SEQUENCE="false"/>
        <FIELD NAME="credit" TYPE="int" LENGTH="11" NOTNULL="true" SEQUENCE="false"/>
        <FIELD NAME="grade" TYPE="number" LENGTH="10" NOTNULL="true" SEQUENCE="false" DECIMALS="1"/>
      </FIELDS>
      <KEYS>
        <KEY NAME="primary" TYPE="primary" FIELDS="id"/>
      </KEYS>
    </TABLE>
    <TABLE NAME="block_edu_bacdt" COMMENT="block_edu_bacdt table retrofitted from MySQL">
      <FIELDS>
        <FIELD NAME="id_bac" TYPE="int" LENGTH="10" NOTNULL="true" SEQUENCE="true"/>
        <FIELD NAME="ma_bac" TYPE="char" LENGTH="128" NOTNULL="true" SEQUENCE="false"/>
        <FIELD NAME="ten" TYPE="char" LENGTH="128" NOTNULL="true" SEQUENCE="false"/>
        <FIELD NAME="mota" TYPE="char" LENGTH="128" NOTNULL="true" SEQUENCE="false"/>
      </FIELDS>
      <KEYS>
        <KEY NAME="primary" TYPE="primary" FIELDS="id_bac"/>
      </KEYS>
    </TABLE>
    <TABLE NAME="block_edu_hedt" COMMENT="block_edu_hedt table retrofitted from MySQL">
      <FIELDS>
        <FIELD NAME="id_he" TYPE="int" LENGTH="10" NOTNULL="true" SEQUENCE="true"/>
        <FIELD NAME="id_bac" TYPE="char" LENGTH="128" NOTNULL="true" SEQUENCE="false"/>
        <FIELD NAME="ma_he" TYPE="char" LENGTH="128" NOTNULL="true" SEQUENCE="false"/>
        <FIELD NAME="ten" TYPE="char" LENGTH="128" NOTNULL="true" SEQUENCE="false"/>
        <FIELD NAME="mota" TYPE="char" LENGTH="128" NOTNULL="true" SEQUENCE="false"/>
      </FIELDS>
      <KEYS>
        <KEY NAME="primary" TYPE="primary" FIELDS="id_he"/>
        <KEY NAME="he_bac" TYPE="foreign" FIELDS="id_bac" REFTABLE="block_edu_bacdt" REFFIELDS="id_bac"/>
      </KEYS>
    </TABLE>
  </TABLES>
</XMLDB>